ENTITY,CODE,YYYYMM,YYYY,PARTIAL_VACC_RATE,STRINGENCYINDEX_AVERAGE,V1,V4,HEALTH_EXPENDITURE,MATERNAL_MORTALITY_RATIO,POPULATION,POPULATION_DENSITY,URBAN_POPULATION,PUBLIC_SPENDING_ON_EDUCATION_AS_A_SHARE_OF_GDP,AGRI_OWNERSHIP_MEAN,RURAL_MEAN,HHTYPE_MODE,HHSIZE_CAT_MODE,EDUC_MODE,WHO_REGION,AMC_IND,CUMULATED_COVAX,CUMULATED_DELIVERED,POST_AMC,CUMULATED_COVAX_LAG1,CUMULATED_COVAX_LAG2,CUMULATED_COVAX_LAG3,CUMULATED_DELIVERED_LAG1,CUMULATED_DELIVERED_LAG2,CUMULATED_DELIVERED_LAG3
AFGHANISTAN,AFG,202107,2021,1.8308406,52.31,2.0,0.0,363.61118,620.40753,40000411.0,61.32869,26.314,0.0,0.559912067045248,0.2345509778666701,6.0,5.0,1.0,EMRO,1.0,842400.0,6742400.0,1.0,717600.0,592800.0,468000.0,6617600.0,6492800.0,6368000.0
ALBANIA,ALB,202107,2021,23.702484,37.96,2.0,0.0,1131.6691,8.276446,2849643.0,104.00157,62.969,3.02256,0.3309796999117387,0.364979469664991,3.0,3.0,1.0,EURO,0.0,0.0,0.0,0.0,0.0,0.0,0.0,0.0,0.0,0.0
ANDORRA,AND,202107,2021,60.767418,46.3,2.0,0.0,4907.7734,0.0,78375.0,166.75533,87.858,2.5839722,0.0,0.0,0.0,0.0,0.0,EURO,0.0,0.0,0.0,0.0,0.0,0.0,0.0,0.0,0.0,0.0
ANGOLA,AGO,202107,2021,2.6894128,56.94,2.0,0.0,198.54631,221.90651,34532427.0,27.699068,67.46,2.297109,0.4486485944166558,0.2702771177831091,3.0,5.0,1.0,AFRO,1.0,5100000.0,5600000.0,1.0,5100000.0,5100000.0,5100000.0,5550000.0,5500000.0,5450000.0
ANGUILLA,AIA,202107,2021,66.38502,0.0,0.0,0.0,0.0,0.0,14503.0,161.14444,0.0,0.0,0.0,0.0,0.0,0.0,0.0,AMRO,0.0,0.0,0.0,0.0,0.0,0.0,0.0,0.0,0.0,0.0
ANTIGUA AND BARBUDA,ATG,202107,2021,41.083027,0.0,0.0,0.0,1229.3458,21.247948,92358.0,209.90454,24.38,2.5746489,-1.0,0.2637972251135232,3.0,3.0,3.0,AMRO,0.0,0.0,0.0,0.0,0.0,0.0,0.0,0.0,0.0,0.0
ARGENTINA,ARG,202107,2021,56.765144,74.1,2.0,0.0,2323.0781,44.900078,45312283.0,16.557333,92.229,4.64117,-1.0,0.155614870993728,3.0,3.0,3.0,AMRO,0.0,0.0,0.0,0.0,0.0,0.0,0.0,0.0,0.0,0.0
ARMENIA,ARM,202107,2021,3.7722461,0.0,0.0,0.0,1924.0,27.18972,2870339.0,100.81978,63.431,2.76785,0.4054925765956103,0.2521628894328839,6.0,4.0,5.0,EURO,0.0,0.0,0.0,0.0,0.0,0.0,0.0,0.0,0.0,0.0
ARUBA,ABW,202107,2021,67.53098,28.7,2.0,0.0,0.0,0.0,107565.0,597.5833,43.866,0.0,0.0,0.0,0.0,0.0,0.0,AMRO,0.0,0.0,0.0,0.0,0.0,0.0,0.0,0.0,0.0,0.0
AUSTRALIA,AUS,202107,2021,32.086636,68.06,2.0,1.0,6488.269,2.9415095,25956416.0,3.3744605,86.362,5.33321,-1.0,0.1975584462855425,3.0,3.0,3.0,WPRO,0.0,0.0,0.0,0.0,0.0,0.0,0.0,0.0,0.0,0.0
AUSTRIA,AUT,202107,2021,59.52067,47.67,2.0,0.0,7272.0,5.2283883,8967053.0,108.66521,58.995,5.49411,-1.0,0.4377652515218407,3.0,3.0,4.0,EURO,0.0,0.0,0.0,0.0,0.0,0.0,0.0,0.0,0.0,0.0
AZERBAIJAN,AZE,202107,2021,27.975183,58.87,2.0,0.0,733.0,40.763668,10234373.0,123.827866,56.776,3.70208,-1.0,0.2539207502988432,3.0,4.0,1.0,EURO,0.0,0.0,0.0,0.0,0.0,0.0,0.0,0.0,0.0,0.0
BAHAMAS,BHS,202107,2021,15.546204,62.33,2.0,0.0,2369.3384,77.05064,396381.0,39.598503,83.365,3.0069325,-1.0,0.1755232841148791,3.0,3.0,3.0,AMRO,0.0,0.0,0.0,0.0,0.0,0.0,0.0,0.0,0.0,0.0
BAHRAIN,BHR,202107,2021,72.27138,39.26,2.0,0.0,2341.753,15.8978815,1501762.0,1900.9646,89.622,2.221358,-1.0,0.0247143617674761,3.0,3.0,3.0,EMRO,0.0,0.0,0.0,0.0,0.0,0.0,0.0,0.0,0.0,0.0
BANGLADESH,BGD,202107,2021,5.030095,93.52,1.0,0.0,153.57405,123.028244,167658855.0,1287.9991,38.946,1.83118,0.4681754993734671,0.0452908030558393,3.0,4.0,1.0,SEARO,1.0,14371280.0,205802992.0,1.0,13344760.0,12318240.0,11291720.0,204776472.0,203749952.0,202723432.0
BARBADOS,BRB,202107,2021,35.312263,50.0,2.0,0.0,1228.5259,39.108013,282156.0,656.17676,31.246,4.86361,0.0,0.0,0.0,0.0,0.0,AMRO,0.0,0.0,0.0,0.0,0.0,0.0,0.0,0.0,0.0,0.0
BELARUS,BLR,202107,2021,14.548184,29.63,2.0,0.0,1389.0,1.1019173,9251367.0,45.584465,79.91,4.60641,-1.0,0.2820736202005417,3.0,3.0,3.0,EURO,0.0,0.0,0.0,0.0,0.0,0.0,0.0,0.0,0.0,0.0
BELGIUM,BEL,202107,2021,69.69813,47.22,2.0,0.0,6519.1978,4.755863,11570842.0,382.1282,98.117,6.35552,-1.0,0.2366098962445392,3.0,3.0,4.0,EURO,0.0,0.0,0.0,0.0,0.0,0.0,0.0,0.0,0.0,0.0
BELIZE,BLZ,202107,2021,32.865044,56.01,2.0,0.0,479.44553,129.78827,395356.0,17.332573,46.201,5.94879,-1.0,0.4427800242443975,3.0,4.0,1.0,AMRO,0.0,0.0,0.0,0.0,0.0,0.0,0.0,0.0,0.0,0.0
BENIN,BEN,202107,2021,0.3152511,38.89,2.0,0.0,97.1876,522.6048,13413423.0,118.955505,48.972,3.2034843,0.6191227046479318,0.3069735249264658,3.0,5.0,1.0,AFRO,1.0,748800.0,748800.0,1.0,446400.0,144000.0,144000.0,446400.0,144000.0,144000.0
BERMUDA,BMU,202107,2021,64.64676,36.19,2.0,0.0,0.0,0.0,64672.0,1197.6296,100.0,1.8849169,0.0,0.0,0.0,0.0,0.0,AMRO,0.0,0.0,0.0,0.0,0.0,0.0,0.0,0.0,0.0,0.0
BHUTAN,BTN,202107,2021,62.265278,59.72,2.0,0.0,441.82626,59.947754,775451.0,20.3317,43.008,6.5983863,-1.0,0.6511935169161229,3.0,4.0,1.0,SEARO,1.0,128700.0,7868700.0,1.0,128700.0,128700.0,128700.0,7436200.0,7003700.0,6571200.0
BOLIVIA,BOL,202107,2021,25.722017,56.48,2.0,0.0,721.81696,160.9074,11937369.0,11.019449,70.475,7.96215,-1.0,0.3184024328386257,3.0,4.0,1.0,AMRO,1.0,0.0,0.0,0.0,0.0,0.0,0.0,0.0,0.0,0.0
BOSNIA AND HERZEGOVINA,BIH,202107,2021,12.120707,35.19,1.0,0.0,1693.0,5.668399,3244909.0,63.37713,49.425,4.13623,-1.0,0.4922581051114423,3.0,3.0,3.0,EURO,0.0,0.0,0.0,0.0,0.0,0.0,0.0,0.0,0.0,0.0
BOTSWANA,BWA,202107,2021,9.7452965,63.89,1.0,0.0,1095.9994,185.89684,2401449.0,4.2373776,71.56,0.0,-1.0,0.3206839383452606,3.0,4.0,1.0,AFRO,0.0,0.0,0.0,0.0,0.0,0.0,0.0,0.0,0.0,0.0
BRAZIL,BRA,202107,2021,49.966892,56.94,2.0,0.0,1625.6412,72.14754,209550291.0,25.071402,87.317,5.49698,-1.0,0.2287734994410192,3.0,3.0,1.0,AMRO,0.0,0.0,0.0,0.0,0.0,0.0,0.0,0.0,0.0,0.0
BRITISH VIRGIN ISLANDS,VGB,202107,2021,42.888065,0.0,0.0,0.0,0.0,0.0,37833.0,252.22,48.92,2.8699133,0.0,0.0,0.0,0.0,0.0,AMRO,0.0,0.0,0.0,0.0,0.0,0.0,0.0,0.0,0.0,0.0
BRUNEI,BRN,202107,2021,29.60841,37.96,2.0,0.0,1456.4279,44.236057,451723.0,85.71594,78.554,0.0,-1.0,0.2252169853108427,3.0,3.0,3.0,WPRO,0.0,0.0,0.0,0.0,0.0,0.0,0.0,0.0,0.0,0.0
BULGARIA,BGR,202107,2021,15.064146,48.15,2.0,0.0,2391.0,7.086025,6877222.0,63.349503,76.025,4.73033,-1.0,0.4105502087306482,3.0,3.0,3.0,EURO,0.0,0.0,0.0,0.0,0.0,0.0,0.0,0.0,0.0,0.0
CAMBODIA,KHM,202107,2021,42.46527,83.33,2.0,1.0,360.33466,217.98315,16974308.0,96.16082,24.668,3.0116265,0.670491130140084,0.3841044665882746,3.0,4.0,1.0,WPRO,1.0,20012000.0,118612000.0,1.0,19680000.0,19348000.0,19016000.0,118280000.0,117948000.0,117616000.0
CAMEROON,CMR,202107,2021,1.0132426,29.63,2.0,0.0,155.5612,437.75287,26915764.0,56.939274,58.148,2.8276408,0.6144367325703297,0.2745687367707002,3.0,5.0,1.0,AFRO,1.0,2385800.0,2385800.0,1.0,2082750.0,1779700.0,1476650.0,2082750.0,1779700.0,1476650.0
CANADA,CAN,202107,2021,69.809906,64.51,2.0,0.0,6552.219,11.012866,38454058.0,4.3753977,81.653,4.7486,-1.0,0.2512604840882401,3.0,3.0,5.0,AMRO,0.0,0.0,0.0,0.0,0.0,0.0,0.0,0.0,0.0,0.0
CAPE VERDE,CPV,202107,2021,27.18153,59.26,2.0,0.0,505.63892,42.24144,516655.0,128.20224,67.102,6.037501,-1.0,0.2170920278855464,3.0,4.0,1.0,AFRO,1.0,0.0,0.0,0.0,0.0,0.0,0.0,0.0,0.0,0.0
CAYMAN ISLANDS,CYM,202107,2021,69.76777,0.0,0.0,0.0,0.0,0.0,70126.0,292.19168,100.0,1.31253,0.0,0.0,0.0,0.0,0.0,AMRO,0.0,0.0,0.0,0.0,0.0,0.0,0.0,0.0,0.0,0.0
CHAD,TCD,202107,2021,0.121618055,25.0,2.0,0.0,81.37769,1063.4933,17828274.0,14.158413,23.781,2.88813,0.8086876880620611,0.4874408543046732,3.0,5.0,1.0,AFRO,1.0,301860.0,301860.0,1.0,301860.0,301860.0,301860.0,301860.0,301860.0,301860.0
CHILE,CHL,202107,2021,70.78601,58.68,2.0,0.0,2647.612,15.030739,19456323.0,26.167433,87.817,4.99924,-1.0,0.1933258420360951,3.0,3.0,4.0,AMRO,0.0,0.0,0.0,0.0,0.0,0.0,0.0,0.0,0.0,0.0
COLOMBIA,COL,202107,2021,34.407703,46.3,2.0,0.0,1542.482,74.7629,51188174.0,46.136253,81.74,0.0,-1.0,0.2125202130501852,3.0,3.0,3.0,AMRO,0.0,0.0,0.0,0.0,0.0,0.0,0.0,0.0,0.0,0.0
COMOROS,COM,202107,2021,10.158333,0.0,0.0,0.0,222.67899,216.95372,818178.0,439.6443,29.613,2.274854,-1.0,0.2056863253882937,3.0,4.0,1.0,AFRO,1.0,0.0,0.0,0.0,0.0,0.0,0.0,0.0,0.0,0.0
CONGO,COG,202107,2021,2.1983206,48.15,1.0,0.0,124.91043,282.38577,5892186.0,17.25384,68.283,3.674542,-1.0,0.1518859519563256,3.0,4.0,1.0,AFRO,1.0,0.0,0.0,0.0,0.0,0.0,0.0,0.0,0.0,0.0
COOK ISLANDS,COK,202107,2021,74.12355,0.0,0.0,0.0,0.0,0.0,15204.0,63.35,0.0,0.0,0.0,0.0,0.0,0.0,0.0,WPRO,0.0,0.0,0.0,0.0,0.0,0.0,0.0,0.0,0.0,0.0
COSTA RICA,CRI,202107,2021,50.635735,54.63,1.0,1.0,1713.8441,22.003805,5059992.0,99.098946,81.425,6.24842,-1.0,0.2785426412488503,3.0,3.0,3.0,AMRO,0.0,0.0,0.0,0.0,0.0,0.0,0.0,0.0,0.0,0.0
COTE D'IVOIRE,CIV,202107,2021,3.3171372,20.37,2.0,0.0,187.88977,479.90674,29639735.0,93.20671,52.18,3.32719,0.0,0.0,0.0,0.0,0.0,AFRO,1.0,0.0,0.0,0.0,0.0,0.0,0.0,0.0,0.0,0.0
CROATIA,HRV,202107,2021,42.141106,31.82,1.0,0.0,2703.0,4.8168216,3924607.0,70.13236,57.878,4.05666,-1.0,0.4565975963176825,3.0,3.0,3.0,EURO,0.0,0.0,0.0,0.0,0.0,0.0,0.0,0.0,0.0,0.0
CUBA,CUB,202107,2021,36.353157,71.76,2.0,0.0,3033.1873,39.254543,11122169.0,107.149994,77.292,9.385862,-1.0,0.1992919351387379,3.0,3.0,3.0,AMRO,0.0,0.0,0.0,0.0,0.0,0.0,0.0,0.0,0.0,0.0
CURACAO,CUW,202107,2021,50.004047,0.0,0.0,0.0,0.0,0.0,185324.0,417.3964,89.038,0.0,0.0,0.0,0.0,0.0,0.0,AMRO,0.0,0.0,0.0,0.0,0.0,0.0,0.0,0.0,0.0,0.0
CYPRUS,CYP,202107,2021,56.453907,54.14,2.0,0.0,4206.0,68.40658,1317312.0,142.56624,66.856,5.23586,-1.0,0.2537248406682138,3.0,3.0,3.0,EURO,0.0,0.0,0.0,0.0,0.0,0.0,0.0,0.0,0.0,0.0
CZECHIA,CZE,202107,2021,53.23657,0.0,0.0,0.0,4249.362,3.3740165,10530683.0,136.43109,74.214,4.8032,-1.0,0.3752437831846882,3.0,3.0,4.0,EURO,0.0,0.0,0.0,0.0,0.0,0.0,0.0,0.0,0.0,0.0
DEMOCRATIC REPUBLIC OF CONGO,COD,202107,2021,0.077024736,37.96,1.0,0.0,45.61237,547.3603,99148931.0,43.734783,46.235,2.6604848,0.606158636429638,0.3119508257797496,3.0,5.0,1.0,AFRO,1.0,0.0,0.0,0.0,0.0,0.0,0.0,0.0,0.0,0.0
DENMARK,DNK,202107,2021,69.22278,39.53,2.0,0.0,7043.0,4.657717,5856773.0,146.41933,88.24,6.99993,-1.0,0.3592601097415048,3.0,3.0,4.0,EURO,0.0,0.0,0.0,0.0,0.0,0.0,0.0,0.0,0.0,0.0
DOMINICA,DMA,202107,2021,31.252056,30.56,2.0,0.0,753.3221,0.0,67223.0,89.63067,71.395,5.465845,-1.0,0.5590399208182119,3.0,4.0,1.0,AMRO,1.0,42500.0,542500.0,1.0,42500.0,42500.0,42500.0,542500.0,542500.0,542500.0
DOMINICAN REPUBLIC,DOM,202107,2021,49.356934,60.19,2.0,0.0,1006.3784,107.34755,11123480.0,234.02579,83.213,3.7473135,0.1235512654466185,0.1651308618743671,3.0,3.0,1.0,AMRO,1.0,6254400.0,29867250.0,1.0,6254400.0,6254400.0,6254400.0,29580600.0,29293950.0,29007300.0
EAST TIMOR,TLS,202107,2021,20.193544,0.0,0.0,0.0,272.25104,203.92422,1350142.0,90.79637,31.695,2.9738941,0.6197777586355414,0.5883915285469861,3.0,5.0,1.0,SEARO,1.0,0.0,0.0,0.0,0.0,0.0,0.0,0.0,0.0,0.0
ECUADOR,ECU,202107,2021,56.181488,62.2,1.0,0.0,971.2463,65.74967,17682454.0,71.19687,64.361,3.64777,0.0,0.0,0.0,0.0,0.0,AMRO,0.0,0.0,0.0,0.0,0.0,0.0,0.0,0.0,0.0,0.0
EGYPT,EGY,202107,2021,3.2836366,40.74,2.0,0.0,615.4601,16.81971,110957004.0,111.464165,42.862,0.0,0.0,0.0,0.0,0.0,0.0,EMRO,1.0,13236000.0,17198000.0,1.0,13236000.0,13236000.0,13236000.0,16948000.0,16698000.0,16448000.0
EL SALVADOR,SLV,202107,2021,44.929714,32.41,2.0,0.0,969.8853,42.790462,6255781.0,301.91992,74.118,3.57766,-1.0,0.2513239998916815,3.0,4.0,1.0,AMRO,1.0,32159500.0,35877100.0,1.0,30659400.0,29159300.0,27659200.0,34377000.0,32876900.0,31376800.0
EQUATORIAL GUINEA,GNQ,202107,2021,9.936514,0.0,0.0,0.0,547.45013,212.3303,1758796.0,62.702175,73.561,0.0,-1.0,0.3094652194431335,3.0,4.0,1.0,AFRO,0.0,0.0,0.0,0.0,0.0,0.0,0.0,0.0,0.0,0.0
ESTONIA,EST,202107,2021,47.273518,21.95,2.0,0.0,3258.781,5.179642,1331750.0,31.152046,69.415,5.26321,-1.0,0.5256395322157624,3.0,3.0,4.0,EURO,0.0,0.0,0.0,0.0,0.0,0.0,0.0,0.0,0.0,0.0
ESWATINI,SWZ,202107,2021,3.1442564,66.67,2.0,0.0,684.5941,239.6324,1206599.0,70.15111,24.369,5.287149,-1.0,0.7469095543509162,3.0,4.0,1.0,AFRO,1.0,1651200.0,1671200.0,1.0,1348800.0,1046400.0,744000.0,1368800.0,1066400.0,764000.0
ETHIOPIA,ETH,202107,2021,1.7682415,43.52,1.0,0.0,81.73698,266.68954,122138590.0,108.22408,22.174,4.065249,0.7659240953641966,0.3816340577326409,3.0,5.0,1.0,AFRO,1.0,13137600.0,16037600.0,1.0,12746400.0,12355200.0,11964000.0,15646400.0,15255200.0,14864000.0
FIJI,FJI,202107,2021,47.983204,86.11,2.0,1.0,612.377,38.046795,916717.0,50.176083,57.74,4.8526864,0.0,0.0,0.0,0.0,0.0,WPRO,1.0,336000.0,2524000.0,1.0,292800.0,249600.0,206400.0,2228800.0,1933600.0,1638400.0
FINLAND,FIN,202107,2021,65.35711,38.43,2.0,0.0,5613.0,8.3389015,5541068.0,18.230335,85.596,6.53826,-1.0,0.4067942319386559,3.0,3.0,3.0,EURO,0.0,0.0,0.0,0.0,0.0,0.0,0.0,0.0,0.0,0.0
FRANCE,FRA,202107,2021,65.02687,36.67,2.0,0.0,6330.467,7.9090786,66083547.0,120.68798,81.242,5.43039,-1.0,0.3902791167531464,3.0,3.0,4.0,EURO,0.0,0.0,0.0,0.0,0.0,0.0,0.0,0.0,0.0,0.0
FRENCH POLYNESIA,PYF,202107,2021,29.676628,0.0,0.0,0.0,0.0,0.0,279807.0,80.61279,62.066,0.0,0.0,0.0,0.0,0.0,0.0,WPRO,0.0,0.0,0.0,0.0,0.0,0.0,0.0,0.0,0.0,0.0
GABON,GAB,202107,2021,2.1734016,67.59,1.0,0.0,411.00403,226.55043,2376728.0,9.223922,90.423,2.7007928,-1.0,0.2092521300987913,3.0,4.0,1.0,AFRO,0.0,0.0,0.0,0.0,0.0,0.0,0.0,0.0,0.0,0.0
GAMBIA,GMB,202107,2021,1.1854473,33.33,2.0,0.0,72.76536,458.24033,2576014.0,254.54684,63.222,3.044777,0.4719704424683759,0.2942387862088708,6.0,6.0,1.0,AFRO,1.0,223200.0,253200.0,1.0,72000.0,72000.0,72000.0,102000.0,102000.0,102000.0
GEORGIA,GEO,202107,2021,8.533742,25.0,2.0,0.0,1413.0,27.608246,3788450.0,54.517918,59.872,3.59442,-1.0,0.499590628479103,3.0,4.0,4.0,EURO,0.0,0.0,0.0,0.0,0.0,0.0,0.0,0.0,0.0,0.0
GERMANY,DEU,202107,2021,62.273655,69.44,2.0,0.0,7606.963,4.42844,83697082.0,239.55203,77.544,5.45489,-1.0,0.2931069279226238,3.0,3.0,4.0,EURO,0.0,0.0,0.0,0.0,0.0,0.0,0.0,0.0,0.0,0.0
GHANA,GHA,202107,2021,2.6106913,42.59,1.0,0.0,247.90735,263.10858,32518662.0,142.91844,57.985,3.4194944,0.463639337291268,0.2622123720430758,3.0,4.0,1.0,AFRO,1.0,1300000.0,3399461.0,1.0,1300000.0,1300000.0,1300000.0,3372966.0,3346471.0,3319976.0
GREECE,GRC,202107,2021,54.79592,62.99,2.0,0.0,2860.6116,7.654345,10579561.0,82.07572,80.038,4.0820146,-1.0,0.331225433480316,3.0,3.0,4.0,EURO,0.0,0.0,0.0,0.0,0.0,0.0,0.0,0.0,0.0,0.0
GREENLAND,GRL,202107,2021,64.848076,38.72,2.0,0.0,0.0,0.0,56065.0,0.13659398,87.507,0.0,0.0,0.0,0.0,0.0,0.0,EURO,0.0,0.0,0.0,0.0,0.0,0.0,0.0,0.0,0.0,0.0
GRENADA,GRD,202107,2021,18.347189,0.0,0.0,0.0,843.4757,21.13829,116695.0,343.22058,36.694,4.0903034,-1.0,0.2990260688032411,3.0,3.0,3.0,AMRO,1.0,326400.0,336400.0,1.0,326400.0,326400.0,326400.0,336400.0,336400.0,336400.0
GUATEMALA,GTM,202107,2021,10.222168,52.78,1.0,0.0,665.3437,95.502075,17598654.0,164.22783,52.245,3.10635,0.3533865460724711,0.2949527821992481,3.0,4.0,1.0,AMRO,0.0,0.0,0.0,0.0,0.0,0.0,0.0,0.0,0.0,0.0
GUINEA,GIN,202107,2021,3.992284,62.69,2.0,0.0,109.366425,553.4016,13710516.0,55.797314,37.264,2.0407481,-1.0,0.4774851113933072,3.0,4.0,1.0,AFRO,1.0,4276800.0,5648992.0,1.0,4276800.0,4276800.0,4276800.0,5644208.0,5639424.0,5634640.0
GUINEA-BISSAU,GNB,202107,2021,1.1398517,0.0,0.0,0.0,174.13712,725.0924,2058842.0,73.216286,44.617,0.0,-1.0,0.465691832171136,3.0,4.0,1.0,AFRO,1.0,28800.0,64800.0,1.0,28800.0,28800.0,28800.0,40800.0,40800.0,40800.0
GUYANA,GUY,202107,2021,30.513756,56.48,2.0,0.0,1133.6194,111.94294,815484.0,4.142667,26.897,0.0,-1.0,0.2878679777046993,3.0,4.0,1.0,AMRO,1.0,124800.0,1855800.0,1.0,124800.0,124800.0,124800.0,1843800.0,1831800.0,1819800.0
HAITI,HTI,202107,2021,0.057164695,53.7,1.0,0.0,109.70332,350.40024,11374592.0,412.72104,57.964,1.2427518,0.6532901420728909,0.2314503078834731,6.0,4.0,1.0,AMRO,1.0,2000000.0,2000000.0,1.0,1750000.0,1500000.0,1250000.0,1750000.0,1500000.0,1250000.0
HONDURAS,HND,202107,2021,14.449457,93.52,1.0,0.0,560.79785,71.819275,10289882.0,91.96427,58.982,5.8105016,-1.0,0.4577476345328189,3.0,4.0,1.0,AMRO,1.0,2648600.0,6210600.0,1.0,2461400.0,2274200.0,2087000.0,6023400.0,5836200.0,5649000.0
HONG KONG,HKG,202107,2021,43.226467,65.74,2.0,0.0,0.0,0.0,7484604.0,7128.1943,100.0,4.00031,0.0,0.0,0.0,0.0,0.0,WPRO,0.0,0.0,0.0,0.0,0.0,0.0,0.0,0.0,0.0,0.0
HUNGARY,HUN,202107,2021,58.003742,27.78,2.0,0.0,2706.0,15.048886,9707848.0,106.37572,72.245,4.68406,-1.0,0.3879612461283341,3.0,3.0,4.0,EURO,0.0,0.0,0.0,0.0,0.0,0.0,0.0,0.0,0.0,0.0
ICELAND,ISL,202107,2021,70.745964,32.41,2.0,0.0,5697.0,2.6544178,372649.0,3.6958148,93.944,8.21781,-1.0,0.2542620005354717,3.0,3.0,3.0,EURO,0.0,0.0,0.0,0.0,0.0,0.0,0.0,0.0,0.0,0.0
INDIA,IND,202107,2021,25.243052,74.54,2.0,0.0,236.0,102.653915,1414203889.0,475.65204,35.393,4.6351414,0.42748721838595,0.2008917841269127,3.0,4.0,1.0,SEARO,1.0,0.0,1769624887.0,0.0,0.0,0.0,0.0,1752979526.0,1736334165.0,1719688804.0
INDONESIA,IDN,202107,2021,16.937353,71.55,2.0,1.0,483.0069,172.9225,276758056.0,146.2351,57.29,1.0322175,0.3501010402343295,0.1659278577451587,3.0,3.0,1.0,SEARO,1.0,351610900.0,877520300.0,1.0,348134500.0,344658100.0,341181700.0,869756500.0,861992700.0,854228900.0
IRAN,IRN,202107,2021,8.647865,68.06,1.0,0.0,951.1539,22.018887,88455491.0,54.51802,76.345,0.0,-1.0,0.1943579151446107,3.0,3.0,3.0,EMRO,0.0,0.0,0.0,0.0,0.0,0.0,0.0,0.0,0.0,0.0
IRAQ,IRQ,202107,2021,1.8742832,75.93,2.0,1.0,513.23846,76.11046,43071210.0,99.21316,71.119,0.0,-1.0,0.1490508293173176,3.0,4.0,1.0,EMRO,0.0,0.0,0.0,0.0,0.0,0.0,0.0,0.0,0.0,0.0
IRELAND,IRL,202107,2021,66.558716,40.09,2.0,0.0,7196.313,4.9839573,5028430.0,72.992165,63.912,3.00598,-1.0,0.4652926939427058,3.0,3.0,5.0,EURO,0.0,0.0,0.0,0.0,0.0,0.0,0.0,0.0,0.0,0.0
ISRAEL,ISR,202107,2021,63.980335,37.56,2.0,0.0,3665.0,2.8378618,8942925.0,413.259,92.674,6.18401,-1.0,0.0819927683466715,3.0,3.0,5.0,EURO,0.0,0.0,0.0,0.0,0.0,0.0,0.0,0.0,0.0,0.0
ITALY,ITA,202107,2021,64.81309,56.84,2.0,1.0,4372.0,4.590939,59729354.0,201.98148,71.346,4.21829,-1.0,0.2554913061753592,3.0,3.0,4.0,EURO,0.0,0.0,0.0,0.0,0.0,0.0,0.0,0.0,0.0,0.0
JAMAICA,JAM,202107,2021,6.295121,66.67,2.0,0.0,757.5182,98.8789,2837682.0,262.0205,56.652,5.63124,-1.0,0.2734507808551022,3.0,4.0,1.0,AMRO,0.0,0.0,0.0,0.0,0.0,0.0,0.0,0.0,0.0,0.0
JAPAN,JPN,202107,2021,46.60973,50.46,1.0,0.0,4676.0,4.3149095,125679341.0,344.7993,91.867,3.33564,-1.0,0.0968037669714511,3.0,3.0,1.0,WPRO,0.0,0.0,0.0,0.0,0.0,0.0,0.0,0.0,0.0,0.0
JORDAN,JOR,202107,2021,26.558634,51.85,2.0,0.0,738.5232,41.31479,11066358.0,124.62957,91.626,3.13837,-1.0,0.0909065129258403,3.0,4.0,1.0,EMRO,0.0,0.0,0.0,0.0,0.0,0.0,0.0,0.0,0.0,0.0
KAZAKHSTAN,KAZ,202107,2021,26.806913,62.96,2.0,0.0,1114.0,13.383632,19743607.0,7.31326,57.821,4.385694,-1.0,0.2639133165846715,3.0,3.0,3.0,EURO,0.0,0.0,0.0,0.0,0.0,0.0,0.0,0.0,0.0,0.0
KENYA,KEN,202107,2021,1.9506582,52.78,1.0,0.0,236.98485,529.9623,53219165.0,93.50804,28.493,4.890402,0.6797873548027129,0.2943908739411128,3.0,4.0,1.0,AFRO,1.0,13000800.0,23385700.0,1.0,12818400.0,12636000.0,12453600.0,23203300.0,23020900.0,22838500.0
KUWAIT,KWT,202107,2021,31.640562,61.49,2.0,0.0,2908.2517,7.1708984,4360749.0,244.71094,100.0,7.762467,-1.0,0.0460494670108831,3.0,3.0,3.0,EMRO,0.0,0.0,0.0,0.0,0.0,0.0,0.0,0.0,0.0,0.0
KYRGYZSTAN,KGZ,202107,2021,6.5252237,0.0,0.0,0.0,302.0,50.382442,6820483.0,35.56039,37.146,6.1723514,-1.0,0.26095257043831,3.0,3.0,3.0,EURO,1.0,1132800.0,1742800.0,1.0,906240.0,679680.0,453120.0,1476240.0,1209680.0,943120.0
LAOS,LAO,202107,2021,15.606124,48.15,1.0,0.0,234.16891,126.06175,7453191.0,32.292854,36.939,1.8594918,-1.0,0.7452085910217033,3.0,4.0,1.0,WPRO,1.0,0.0,0.0,0.0,0.0,0.0,0.0,0.0,0.0,0.0
LATVIA,LVA,202107,2021,39.060467,41.67,2.0,0.0,3153.0,18.321623,1885592.0,30.30037,68.421,4.61547,-1.0,0.4318454464037088,3.0,3.0,3.0,EURO,0.0,0.0,0.0,0.0,0.0,0.0,0.0,0.0,0.0,0.0
LEBANON,LBN,202107,2021,19.382751,65.32,1.0,0.0,528.086,20.624624,5718127.0,558.9567,89.093,0.0,-1.0,0.1083452006087573,3.0,4.0,1.0,EMRO,0.0,0.0,0.0,0.0,0.0,0.0,0.0,0.0,0.0,0.0
LESOTHO,LSO,202107,2021,1.6025898,67.59,1.0,0.0,264.36508,566.20624,2261549.0,74.49107,29.48,7.507479,0.5098257990550371,0.6428757758515582,6.0,4.0,1.0,AFRO,1.0,410400.0,410400.0,1.0,108000.0,108000.0,72000.0,108000.0,108000.0,72000.0
LIBYA,LBY,202107,2021,7.568658,64.81,1.0,0.0,0.0,72.127106,7135180.0,4.0551395,80.994,0.0,-1.0,0.264230598419398,3.0,3.0,3.0,EMRO,0.0,0.0,0.0,0.0,0.0,0.0,0.0,0.0,0.0,0.0
LITHUANIA,LTU,202107,2021,50.236675,29.04,2.0,0.0,3432.0,8.660484,2794489.0,44.63327,68.249,4.25491,-1.0,0.4267116791732022,3.0,3.0,4.0,EURO,0.0,0.0,0.0,0.0,0.0,0.0,0.0,0.0,0.0,0.0
LUXEMBOURG,LUX,202107,2021,60.21083,37.96,2.0,0.0,7515.0,6.4855,640276.0,248.703,91.672,3.71989,-1.0,0.3581834972216385,3.0,3.0,4.0,EURO,0.0,0.0,0.0,0.0,0.0,0.0,0.0,0.0,0.0,0.0
MACAO,MAC,202107,2021,40.413624,20.37,2.0,0.0,0.0,0.0,694404.0,21042.545,100.0,5.10698,0.0,0.0,0.0,0.0,0.0,WPRO,0.0,0.0,0.0,0.0,0.0,0.0,0.0,0.0,0.0,0.0
MALAWI,MWI,202107,2021,2.2059164,37.04,2.0,0.0,118.918724,380.66992,20047263.0,212.63538,17.695,0.0,0.7778859078667746,0.4519576417188483,3.0,4.0,1.0,AFRO,1.0,5088000.0,6912000.0,1.0,4896000.0,4704000.0,4512000.0,6720000.0,6528000.0,6336000.0
MALAYSIA,MYS,202107,2021,40.971905,85.19,2.0,0.0,1268.2123,21.131931,34282405.0,104.34456,77.696,4.261094,-1.0,0.2196119195515201,3.0,3.0,3.0,WPRO,0.0,0.0,0.0,0.0,0.0,0.0,0.0,0.0,0.0,0.0
MALDIVES,MDV,202107,2021,61.572247,0.0,0.0,0.0,2066.0,56.6938,516162.0,1720.54,41.102,4.6137977,-1.0,0.6036967707633021,6.0,5.0,1.0,SEARO,1.0,181350.0,6415598.0,1.0,181350.0,181350.0,181350.0,6324064.0,6232530.0,6140996.0
MALI,MLI,202107,2021,0.62851936,27.78,1.0,0.0,106.968346,440.22476,22388638.0,18.348486,44.677,4.36371,0.7134200493146444,0.7575705244575218,3.0,5.0,1.0,AFRO,1.0,296000.0,296000.0,1.0,296000.0,296000.0,296000.0,296000.0,296000.0,296000.0
MALTA,MLT,202107,2021,75.67106,47.22,2.0,0.0,5317.0,2.8927798,524383.0,1638.6969,94.81,5.3648,0.0,0.0,0.0,0.0,0.0,EURO,0.0,0.0,0.0,0.0,0.0,0.0,0.0,0.0,0.0,0.0
MAURITANIA,MRT,202107,2021,3.6607053,36.11,1.0,0.0,240.35727,463.83212,4734875.0,4.593844,56.133,1.89197,-1.0,0.4260993047954923,3.0,4.0,1.0,AFRO,1.0,465600.0,520600.0,1.0,465600.0,465600.0,465600.0,520600.0,520600.0,520600.0
MAURITIUS,MUS,202107,2021,49.682323,51.85,1.0,0.0,1428.9832,84.35797,1279627.0,640.77466,40.775,4.67151,-1.0,0.1199443159676473,3.0,3.0,3.0,AFRO,0.0,0.0,0.0,0.0,0.0,0.0,0.0,0.0,0.0,0.0
MEXICO,MEX,202107,2021,36.439617,67.13,2.0,0.0,1190.11,59.125072,127648152.0,65.66432,81.016,4.24953,-1.0,0.2369649012774833,3.0,3.0,1.0,AMRO,0.0,0.0,0.0,0.0,0.0,0.0,0.0,0.0,0.0,0.0
MOLDOVA,MDA,202107,2021,18.05567,54.63,1.0,0.0,1207.0,12.264771,3023780.0,91.71307,42.998,5.82406,-1.0,0.4417286241392766,3.0,4.0,1.0,EURO,1.0,0.0,0.0,0.0,0.0,0.0,0.0,0.0,0.0,0.0
MONACO,MCO,202107,2021,60.46625,30.69,2.0,0.0,8788.712,0.0,38548.0,18497.121,100.0,1.41879,0.0,0.0,0.0,0.0,0.0,EURO,0.0,0.0,0.0,0.0,0.0,0.0,0.0,0.0,0.0,0.0
MONGOLIA,MNG,202107,2021,64.22511,61.11,2.0,0.0,885.9516,39.493614,3339678.0,2.1442459,68.785,3.3438962,-1.0,0.3396662249458884,3.0,3.0,3.0,WPRO,1.0,2616000.0,4686000.0,1.0,2616000.0,2616000.0,2616000.0,4646000.0,4606000.0,4566000.0
MONTENEGRO,MNE,202107,2021,28.65696,0.0,0.0,0.0,2439.0,6.174434,603854.0,44.89621,67.826,0.0,-1.0,0.196100456062542,3.0,3.0,3.0,EURO,0.0,0.0,0.0,0.0,0.0,0.0,0.0,0.0,0.0,0.0
MONTSERRAT,MSR,202107,2021,32.48436,0.0,0.0,0.0,0.0,0.0,4505.0,45.05,0.0,0.0,0.0,0.0,0.0,0.0,0.0,AMRO,0.0,0.0,0.0,0.0,0.0,0.0,0.0,0.0,0.0,0.0
MOROCCO,MAR,202107,2021,36.515793,64.81,1.0,0.0,515.76056,71.85186,36954442.0,82.801796,64.065,5.642734,-1.0,0.2581127295923159,3.0,4.0,1.0,EMRO,1.0,29160000.0,106160000.0,1.0,28857600.0,28555200.0,28252800.0,105857600.0,105555200.0,105252800.0
MOZAMBIQUE,MOZ,202107,2021,1.1393994,53.7,1.0,0.0,121.99802,127.11053,31707797.0,40.321217,37.628,6.4978976,-1.0,0.5073921695872848,3.0,4.0,1.0,AFRO,1.0,1584000.0,2404000.0,1.0,1476000.0,1368000.0,1260000.0,2246000.0,2088000.0,1930000.0
NAMIBIA,NAM,202107,2021,5.6830406,87.04,2.0,0.0,941.72845,214.63507,2810553.0,3.413807,53.005,10.391448,0.5187130608434412,0.6147553066037735,7.0,5.0,1.0,AFRO,0.0,0.0,0.0,0.0,0.0,0.0,0.0,0.0,0.0,0.0
NAURU,NRU,202107,2021,63.725574,0.0,0.0,0.0,1873.1423,0.0,11726.0,586.3,100.0,6.218871,0.0,0.0,0.0,0.0,0.0,WPRO,0.0,0.0,0.0,0.0,0.0,0.0,0.0,0.0,0.0,0.0
NEPAL,NPL,202107,2021,13.248078,59.26,1.0,0.0,228.0,174.41017,29475018.0,205.61575,21.008,3.9561222,0.787854246002653,0.327986544925454,6.0,4.0,1.0,SEARO,1.0,35649550.0,51749550.0,1.0,34114700.0,32579850.0,31045000.0,50214700.0,48679850.0,47145000.0
NETHERLANDS,NLD,202107,2021,63.785957,41.67,2.0,0.0,7179.0,4.311739,17730564.0,526.59827,92.572,5.50609,-1.0,0.1768110635835309,3.0,3.0,3.0,EURO,0.0,0.0,0.0,0.0,0.0,0.0,0.0,0.0,0.0,0.0
NEW CALEDONIA,NCL,202107,2021,23.041399,0.0,0.0,0.0,0.0,0.0,285226.0,15.603173,71.925,0.0,0.0,0.0,0.0,0.0,0.0,WPRO,0.0,0.0,0.0,0.0,0.0,0.0,0.0,0.0,0.0,0.0
NEW ZEALAND,NZL,202107,2021,22.986347,22.22,1.0,1.0,4753.7217,7.030437,5107696.0,19.398033,86.789,5.54822,-1.0,0.2694221826467929,3.0,3.0,3.0,WPRO,0.0,0.0,0.0,0.0,0.0,0.0,0.0,0.0,0.0,0.0
NICARAGUA,NIC,202107,2021,3.755441,8.33,1.0,0.0,599.85956,77.87857,6644745.0,55.216427,59.277,4.086657,-1.0,0.3589410004449255,3.0,4.0,1.0,AMRO,1.0,171480.0,371480.0,1.0,135000.0,135000.0,135000.0,335000.0,335000.0,335000.0
NIGERIA,NGA,202107,2021,1.1356463,47.22,1.0,0.0,220.44316,1047.2354,218529285.0,239.93904,52.746,0.38191912,0.6189351472533737,0.2278769180709663,3.0,5.0,1.0,AFRO,1.0,27620160.0,29620160.0,1.0,23620080.0,19620000.0,19620000.0,25620080.0,21620000.0,21620000.0
NIUE,NIU,202107,2021,64.208244,0.0,0.0,0.0,0.0,0.0,1836.0,7.0615387,0.0,0.0,0.0,0.0,0.0,0.0,0.0,WPRO,0.0,0.0,0.0,0.0,0.0,0.0,0.0,0.0,0.0,0.0
NORTH MACEDONIA,MKD,202107,2021,27.93234,0.0,0.0,0.0,1535.0,3.0359654,1851109.0,73.39845,58.786,0.0,-1.0,0.2959279060149453,3.0,3.0,3.0,EURO,0.0,0.0,0.0,0.0,0.0,0.0,0.0,0.0,0.0,0.0
NORWAY,NOR,202107,2021,66.3571,47.22,1.0,0.0,8275.0,1.6637414,5408081.0,14.846353,83.323,6.96022,-1.0,0.3673852381979258,3.0,3.0,3.0,EURO,0.0,0.0,0.0,0.0,0.0,0.0,0.0,0.0,0.0,0.0
OMAN,OMN,202107,2021,32.78722,50.0,2.0,0.0,1646.5591,17.006712,4500427.0,14.540959,87.044,0.0,-1.0,0.2582827324907817,3.0,3.0,3.0,EMRO,0.0,0.0,0.0,0.0,0.0,0.0,0.0,0.0,0.0,0.0
PAKISTAN,PAK,202107,2021,9.575531,56.48,2.0,0.0,167.3426,154.16394,239477805.0,310.6551,37.44,1.6874613,0.3050156521552361,0.183046925500272,6.0,5.0,1.0,EMRO,1.0,27206400.0,56341851.0,1.0,25970400.0,24734400.0,23498400.0,55105851.0,53869851.0,52633851.0
PALESTINE,PSE,202107,2021,11.150583,87.04,1.0,0.0,0.0,20.434313,5185341.0,860.6375,77.003,5.43442,-1.0,0.0874181322429133,3.0,3.0,3.0,EMRO,0.0,0.0,0.0,0.0,0.0,0.0,0.0,0.0,0.0,0.0
PANAMA,PAN,202107,2021,29.669363,70.37,1.0,0.0,3088.5806,49.517273,4345410.0,58.579266,68.775,3.71141,-1.0,0.3413749740213551,3.0,3.0,3.0,AMRO,0.0,0.0,0.0,0.0,0.0,0.0,0.0,0.0,0.0,0.0
PAPUA NEW GUINEA,PNG,202107,2021,0.73282087,49.07,2.0,0.0,92.82461,191.83875,10012899.0,22.110363,13.456,1.346,0.6557610229861534,0.7629057503336514,3.0,5.0,1.0,WPRO,1.0,978000.0,1016480.0,1.0,978000.0,978000.0,861600.0,1016480.0,1016480.0,900080.0
PARAGUAY,PRY,202107,2021,33.693295,49.07,1.0,0.0,1221.8328,71.1228,6684184.0,16.824022,62.496,3.4107,-1.0,0.381168116456595,3.0,4.0,1.0,AMRO,0.0,0.0,0.0,0.0,0.0,0.0,0.0,0.0,0.0,0.0
PERU,PER,202107,2021,24.511246,63.89,1.0,0.0,855.8684,68.53598,33155883.0,25.903034,78.5,3.92721,-1.0,0.2920025833056933,3.0,3.0,3.0,AMRO,0.0,0.0,0.0,0.0,0.0,0.0,0.0,0.0,0.0,0.0
PHILIPPINES,PHL,202107,2021,10.112121,71.38,2.0,0.0,522.0,78.23626,113100946.0,379.317,47.684,3.8724976,0.153580364098079,0.2062949582901591,3.0,4.0,1.0,WPRO,1.0,79430400.0,145953600.0,1.0,77402400.0,75374400.0,73346400.0,141650700.0,137347800.0,133044900.0
POLAND,POL,202107,2021,47.75748,37.67,2.0,0.0,2456.0,1.9594656,38040304.0,124.27411,60.075,4.67304,-1.0,0.4104279452158154,3.0,3.0,4.0,EURO,0.0,0.0,0.0,0.0,0.0,0.0,0.0,0.0,0.0,0.0
PORTUGAL,PRT,202107,2021,69.24151,63.89,2.0,0.0,4091.0,11.799455,10390956.0,113.43145,66.849,4.78316,-1.0,0.3113577278249539,3.0,3.0,3.0,EURO,0.0,0.0,0.0,0.0,0.0,0.0,0.0,0.0,0.0,0.0
QATAR,QAT,202107,2021,70.99581,53.99,2.0,0.0,2952.0657,7.605434,2814989.0,244.99469,99.278,0.0,-1.0,0.0790781785604612,3.0,3.0,3.0,EMRO,0.0,0.0,0.0,0.0,0.0,0.0,0.0,0.0,0.0,0.0
ROMANIA,ROU,202107,2021,26.094383,42.62,2.0,0.0,2340.0,10.070802,19248159.0,83.65855,54.329,3.32453,-1.0,0.465013267097398,3.0,3.0,3.0,EURO,0.0,0.0,0.0,0.0,0.0,0.0,0.0,0.0,0.0,0.0
RUSSIA,RUS,202107,2021,25.155691,30.09,2.0,1.0,2530.0,13.722793,145836172.0,8.905009,74.934,3.994807,-1.0,0.2276880124814459,3.0,3.0,5.0,EURO,0.0,0.0,0.0,0.0,0.0,0.0,0.0,0.0,0.0,0.0
RWANDA,RWA,202107,2021,3.1000013,54.63,1.0,0.0,180.11853,258.92462,13355260.0,541.3563,17.568,5.58985,0.7530587130061149,0.1432857001004498,3.0,4.0,1.0,AFRO,1.0,2397360.0,2397360.0,1.0,2397360.0,2397360.0,2397360.0,2397360.0,2397360.0,2397360.0
SAINT KITTS AND NEVIS,KNA,202107,2021,51.083862,0.0,0.0,0.0,1793.168,0.0,46786.0,179.94615,30.906,2.78379,0.0,0.0,0.0,0.0,0.0,AMRO,0.0,0.0,0.0,0.0,0.0,0.0,0.0,0.0,0.0,0.0
SAINT LUCIA,LCA,202107,2021,18.06045,0.0,0.0,0.0,890.10254,73.26798,178540.0,292.68854,18.94,0.0,0.0,0.0,0.0,0.0,0.0,AMRO,1.0,261600.0,263600.0,1.0,261600.0,261600.0,261600.0,263600.0,263600.0,263600.0
SAINT VINCENT AND THE GRENADINES,VCT,202107,2021,15.408281,0.0,0.0,0.0,778.29,61.794033,102848.0,263.71283,53.452,0.0,-1.0,0.3090385093167702,3.0,3.0,3.0,AMRO,1.0,189600.0,194600.0,1.0,189600.0,189600.0,189600.0,194600.0,194600.0,194600.0
SAMOA,WSM,202107,2021,27.892544,0.0,0.0,0.0,413.5639,59.079075,213792.0,76.903595,17.742,5.2044883,-1.0,0.4486428717022085,3.0,4.0,1.0,WPRO,1.0,139200.0,325845.0,1.0,139200.0,139200.0,139200.0,275845.0,225845.0,175845.0
SAO TOME AND PRINCIPE,STP,202107,2021,14.179477,0.0,0.0,0.0,346.88937,146.24005,221975.0,231.22395,75.073,5.516176,-1.0,0.1826971001055773,3.0,4.0,1.0,AFRO,1.0,120000.0,156000.0,1.0,120000.0,120000.0,120000.0,144000.0,132000.0,120000.0
SAUDI ARABIA,SAU,202107,2021,58.38766,50.0,2.0,0.0,3029.4797,16.203758,31328374.0,14.57344,84.508,0.0,-1.0,0.1694383953750261,3.0,3.0,3.0,EMRO,0.0,0.0,0.0,0.0,0.0,0.0,0.0,0.0,0.0,0.0
SENEGAL,SEN,202107,2021,3.6259103,19.44,2.0,0.0,167.07774,260.8806,17220866.0,89.44511,48.6,5.61201,0.4843326502930918,0.3178038282009765,6.0,6.0,1.0,AFRO,1.0,10977600.0,17227600.0,1.0,10675200.0,10372800.0,10070400.0,16925200.0,16622800.0,16320400.0
SERBIA,SRB,202107,2021,41.758266,36.11,2.0,0.0,2155.1582,10.1813345,6835434.0,81.287125,56.651,3.29867,-1.0,0.3604986349979142,3.0,3.0,4.0,EURO,0.0,0.0,0.0,0.0,0.0,0.0,0.0,0.0,0.0,0.0
SEYCHELLES,SYC,202107,2021,58.058502,84.26,2.0,0.0,1549.2443,3.3332093,123000.0,267.3913,57.972,5.62359,0.0,0.0,0.0,0.0,0.0,AFRO,0.0,0.0,0.0,0.0,0.0,0.0,0.0,0.0,0.0,0.0
SINGAPORE,SGP,202107,2021,76.84406,50.93,2.0,0.0,6352.623,7.4527626,5546292.0,7724.6406,100.0,2.82471,-1.0,0.0019736231035201,3.0,3.0,3.0,WPRO,0.0,0.0,0.0,0.0,0.0,0.0,0.0,0.0,0.0,0.0
SINT MAARTEN (DUTCH PART),SXM,202107,2021,57.495907,0.0,0.0,0.0,0.0,0.0,41590.0,1223.2354,100.0,0.0,0.0,0.0,0.0,0.0,0.0,AMRO,0.0,0.0,0.0,0.0,0.0,0.0,0.0,0.0,0.0,0.0
SLOVAKIA,SVK,202107,2021,41.33199,0.0,0.0,0.0,2670.0,4.824666,5442767.0,113.20231,53.82,4.79718,-1.0,0.4813176053110603,3.0,3.0,4.0,EURO,0.0,0.0,0.0,0.0,0.0,0.0,0.0,0.0,0.0,0.0
SLOVENIA,SVN,202107,2021,44.641907,42.46,2.0,0.0,4165.0,4.533144,2113495.0,104.95893,55.427,5.36526,-1.0,0.5122645803587754,3.0,3.0,3.0,EURO,0.0,0.0,0.0,0.0,0.0,0.0,0.0,0.0,0.0,0.0
SOLOMON ISLANDS,SLB,202107,2021,3.767756,38.89,2.0,0.0,122.212944,122.24951,762594.0,27.24523,25.128,8.332327,-1.0,0.7819039750443172,3.0,4.0,1.0,WPRO,1.0,110400.0,260400.0,1.0,110400.0,110400.0,110400.0,260400.0,260400.0,260400.0
SOMALIA,SOM,202107,2021,0.913695,35.19,1.0,0.0,0.0,620.6824,17271435.0,27.53122,46.731,0.0,-1.0,0.2008038554805749,3.0,4.0,1.0,EMRO,1.0,624000.0,824000.0,1.0,516000.0,408000.0,300000.0,716000.0,608000.0,500000.0
SOUTH AFRICA,ZAF,202107,2021,9.49307,51.85,1.0,0.0,1209.8911,126.83269,61502601.0,50.699123,67.847,6.54903,-1.0,0.2512729139146589,7.0,3.0,1.0,AFRO,0.0,0.0,0.0,0.0,0.0,0.0,0.0,0.0,0.0,0.0
SOUTH KOREA,KOR,202107,2021,37.388283,49.07,1.0,0.0,4366.951,8.1156225,51848401.0,531.23364,81.414,4.86627,-1.0,0.1046851633964826,3.0,3.0,3.0,WPRO,0.0,0.0,0.0,0.0,0.0,0.0,0.0,0.0,0.0,0.0
SOUTH SUDAN,SSD,202107,2021,0.47386962,33.33,2.0,0.0,33.766468,1222.5309,10865786.0,17.194603,20.514,0.0,-1.0,0.4228711498430232,3.0,4.0,1.0,AFRO,1.0,0.0,0.0,0.0,0.0,0.0,0.0,0.0,0.0,0.0
SPAIN,ESP,202107,2021,66.595634,48.49,1.0,0.0,4367.5776,3.4412515,47735670.0,95.52231,81.056,4.86507,0.0,0.0,0.0,0.0,0.0,EURO,0.0,0.0,0.0,0.0,0.0,0.0,0.0,0.0,0.0,0.0
SRI LANKA,LKA,202107,2021,42.192772,84.26,1.0,0.0,609.0,28.842306,22700377.0,366.96375,18.86,1.5065058,-1.0,0.2171371763803426,3.0,3.0,3.0,SEARO,1.0,28981800.0,47926800.0,1.0,28253340.0,27524880.0,26796420.0,47198340.0,46469880.0,45741420.0
SUDAN,SDN,202107,2021,1.2713457,19.44,1.0,0.0,127.34375,270.35535,48066927.0,25.73176,35.593,0.0,-1.0,0.2723133835929009,3.0,4.0,1.0,EMRO,1.0,828000.0,828000.0,1.0,828000.0,828000.0,828000.0,828000.0,828000.0,828000.0
SURINAME,SUR,202107,2021,29.894909,83.33,2.0,0.0,922.08545,96.45955,617905.0,3.9609294,66.219,4.13155,-1.0,0.3314746259844884,3.0,3.0,3.0,AMRO,0.0,0.0,0.0,0.0,0.0,0.0,0.0,0.0,0.0,0.0
SWEDEN,SWE,202107,2021,58.84986,34.96,2.0,0.0,6784.0,4.507839,10416136.0,25.574654,88.238,7.5722,-1.0,0.3316369823153026,3.0,3.0,4.0,EURO,0.0,0.0,0.0,0.0,0.0,0.0,0.0,0.0,0.0,0.0
SWITZERLAND,CHE,202107,2021,53.781654,44.44,2.0,0.0,8998.391,7.3787546,8707018.0,220.37712,73.996,5.03709,-1.0,0.2650935399385,3.0,3.0,4.0,EURO,0.0,0.0,0.0,0.0,0.0,0.0,0.0,0.0,0.0,0.0
SYRIA,SYR,202107,2021,0.5427303,25.93,1.0,0.0,0.0,29.917326,21628840.0,117.7849,56.124,0.0,-1.0,0.2425742017202381,3.0,4.0,1.0,EMRO,1.0,0.0,0.0,0.0,0.0,0.0,0.0,0.0,0.0,0.0
TAJIKISTAN,TJK,202107,2021,5.1508565,35.19,2.0,1.0,351.0,16.631699,9966912.0,71.8129,27.726,5.7016335,0.5208859436973768,0.194770458345429,6.0,5.0,1.0,EURO,1.0,192000.0,1832000.0,1.0,192000.0,192000.0,192000.0,1792000.0,1752000.0,1712000.0
THAILAND,THA,202107,2021,19.241451,72.22,2.0,0.0,967.4023,28.600433,71727340.0,140.39684,52.163,2.9821243,-1.0,0.4312787496487108,3.0,3.0,3.0,SEARO,0.0,0.0,0.0,0.0,0.0,0.0,0.0,0.0,0.0,0.0
TOGO,TGO,202107,2021,3.3474877,53.7,1.0,0.0,129.87448,399.03983,8878384.0,163.2356,43.358,4.2311816,0.5649047779133511,0.2948458592890923,3.0,5.0,1.0,AFRO,1.0,462930.0,1152930.0,1.0,462930.0,412620.0,362310.0,1152930.0,1102620.0,1052310.0
TONGA,TON,202107,2021,27.369995,43.52,1.0,0.0,423.35953,125.63764,105504.0,146.53334,23.104,4.927039,-1.0,0.3992986231081962,3.0,4.0,1.0,WPRO,1.0,110400.0,128400.0,1.0,110400.0,110400.0,105600.0,119400.0,110400.0,105600.0
TRINIDAD AND TOBAGO,TTO,202107,2021,25.990993,87.83,1.0,0.0,1776.523,26.583,1487715.0,290.00293,53.265,3.00433,-1.0,0.1488027499230329,3.0,3.0,3.0,AMRO,0.0,0.0,0.0,0.0,0.0,0.0,0.0,0.0,0.0,0.0
TUNISIA,TUN,202107,2021,14.025562,79.63,1.0,0.0,784.12463,36.625584,12048625.0,77.55294,69.888,6.679847,-1.0,0.3166079809136142,3.0,3.0,3.0,EMRO,1.0,13480800.0,40390800.0,1.0,13156800.0,12832800.0,12508800.0,39516800.0,38642800.0,37768800.0
TURKEY,TUR,202107,2021,47.10939,32.41,2.0,0.0,1390.0,17.33207,86686255.0,112.633675,76.569,3.53788,-1.0,0.198833912316868,3.0,4.0,1.0,EURO,0.0,0.0,0.0,0.0,0.0,0.0,0.0,0.0,0.0,0.0
TURKS AND CAICOS ISLANDS,TCA,202107,2021,53.559048,0.0,0.0,0.0,0.0,0.0,45260.0,47.642105,93.834,4.106626,0.0,0.0,0.0,0.0,0.0,AMRO,0.0,0.0,0.0,0.0,0.0,0.0,0.0,0.0,0.0,0.0
UKRAINE,UKR,202107,2021,8.700493,50.93,2.0,0.0,1082.0,16.540369,44298641.0,76.45606,69.757,5.14011,-1.0,0.2942000480430949,3.0,4.0,1.0,EURO,1.0,32184000.0,88391245.0,1.0,32184000.0,32184000.0,32184000.0,87851595.0,87311945.0,86772295.0
UNITED ARAB EMIRATES,ARE,202107,2021,76.19006,59.12,2.0,0.0,4065.614,9.340701,9789054.0,137.83517,87.299,3.89403,0.0,0.0,0.0,0.0,0.0,EMRO,0.0,0.0,0.0,0.0,0.0,0.0,0.0,0.0,0.0,0.0
UNITED KINGDOM,GBR,202107,2021,68.66655,43.98,2.0,0.0,6159.7964,9.84248,67668789.0,279.704,84.152,5.90458,-1.0,0.155583729002655,3.0,3.0,5.0,EURO,0.0,0.0,0.0,0.0,0.0,0.0,0.0,0.0,0.0,0.0
UNITED STATES,USA,202107,2021,56.583027,46.67,2.0,0.0,12012.241,21.084906,340161441.0,37.1866,82.873,5.4283,-1.0,0.281424745243118,3.0,3.0,4.0,AMRO,0.0,0.0,0.0,0.0,0.0,0.0,0.0,0.0,0.0,0.0
URUGUAY,URY,202107,2021,76.12717,55.56,2.0,0.0,2344.3625,18.638363,3396692.0,19.40745,95.603,4.46066,-1.0,0.1438233127820148,3.0,3.0,2.0,AMRO,0.0,0.0,0.0,0.0,0.0,0.0,0.0,0.0,0.0,0.0
UZBEKISTAN,UZB,202107,2021,10.49825,68.52,2.0,0.0,674.0,30.178492,34243696.0,77.71125,50.427,5.368289,-1.0,0.1730764886785156,3.0,3.0,3.0,EURO,1.0,0.0,19500000.0,0.0,0.0,0.0,0.0,18500000.0,15500000.0,14000000.0
VANUATU,VUT,202107,2021,7.6282015,22.22,2.0,0.0,135.85207,94.44282,305883.0,25.092945,25.665,10.110241,-1.0,0.6889165381801347,3.0,4.0,1.0,WPRO,1.0,24000.0,124000.0,1.0,24000.0,24000.0,24000.0,124000.0,124000.0,124000.0
VENEZUELA,VEN,202107,2021,10.278944,97.22,1.0,0.0,103.02469,259.18643,28237831.0,32.013866,88.325,0.0,-1.0,0.134299005110155,3.0,3.0,3.0,AMRO,0.0,0.0,0.0,0.0,0.0,0.0,0.0,0.0,0.0,0.0
VIETNAM,VNM,202107,2021,5.601142,79.17,1.0,0.0,536.3379,45.530025,98935101.0,315.65396,38.052,2.945175,-1.0,0.1672161632543092,3.0,3.0,1.0,WPRO,1.0,48880800.0,248978200.0,1.0,48880800.0,48880800.0,48880800.0,243588400.0,238198600.0,232808800.0
WALLIS AND FUTUNA,WLF,202107,2021,40.248672,0.0,0.0,0.0,0.0,0.0,11590.0,82.78571,0.0,0.0,0.0,0.0,0.0,0.0,0.0,WPRO,0.0,0.0,0.0,0.0,0.0,0.0,0.0,0.0,0.0,0.0
YEMEN,YEM,202107,2021,0.780059,37.96,1.0,0.0,0.0,183.39972,37140233.0,70.345345,38.546,0.0,-1.0,0.2438271446104288,3.0,4.0,1.0,EMRO,1.0,360000.0,360000.0,1.0,360000.0,360000.0,360000.0,360000.0,360000.0,360000.0
ZAMBIA,ZMB,202107,2021,1.4126976,54.63,1.0,0.0,235.54976,134.66542,19603610.0,26.37056,45.192,3.1064322,0.6653931421582844,0.483318101746181,3.0,5.0,1.0,AFRO,1.0,8664000.0,8664000.0,1.0,8436000.0,8208000.0,7980000.0,8436000.0,8208000.0,7980000.0
ZIMBABWE,ZWE,202107,2021,10.291958,67.59,2.0,1.0,63.136967,356.7589,15797220.0,40.835518,32.303,0.0,0.6832537608702457,0.6384576049377534,6.0,4.0,1.0,AFRO,1.0,0.0,2568080.0,0.0,0.0,0.0,0.0,2543080.0,2518080.0,2493080.0
